Index,Title,Category,Author,Upvotes,Comments,URL
1,"[Post Game Thread] The New York Knicks become the 2026 NBA Champions by defeating the San Antonio Spurs in Game 5 behind Jalen Brunson [Part 1]","Game & Match Discussion","u/NBA_Mod",24500,11200,"https://www.reddit.com/r/nba/comments/1u5a7if/"
2,"[Post Game Thread] The New York Knicks overcome a 29 point deficit to defeat the San Antonio Spurs in Game 4 behind Jalen Brunson's 36 PTS [Part 1]","Game & Match Discussion","u/NBA_Mod",18344,8374,"https://www.reddit.com/r/nba/comments/1u2ntjw/"
3,"[Post Game Thread] The New York Knicks defeat the San Antonio Spurs in Game 2 behind KAT's 21 points and 13 rebounds [Part 1]","Game & Match Discussion","u/NBA_Mod",12325,5665,"https://www.reddit.com/r/nba/comments/1ty62d0/"
4,"[The Guardian] 15 things we learned from the NBA playoffs and finals [Part 1]","Hot Take","u/WojBombFanatic",2378,915,"https://www.reddit.com/r/nba/comments/1u83q1m/"
5,"Daily Discussion Thread + Game Thread Index | Playoffs [Part 1]","Game & Match Discussion","u/NBA_Mod",326,2074,"https://www.reddit.com/r/nba/comments/1ts290i/"
6,"[SERIOUS NEXT DAY THREAD] Post-Game Discussion (May 01, 2026) [Part 1]","Deep Analysis","u/SeriousBaller",876,405,"https://www.reddit.com/r/nba/comments/1t1mry6/"
7,"[SERIOUS NEXT DAY THREAD] Post-Game Discussion (May 19, 2024) [Part 1]","Deep Analysis","u/QuietStorm",1394,502,"https://www.reddit.com/r/nba/comments/1cwdtei/"
8,"[Highlight] Slow motion replay of the contact between Jarrett Allen and Ausar Thompson [Part 1]","Highlights & Play","u/NBA_Official",515,136,"https://www.reddit.com/r/nba/comments/1tcoq6z/"
9,"We need better quality assurance for post-game threads [Part 1]","Hot Take","u/MutedVoice",722,617,"https://www.reddit.com/r/nba/comments/1st9jlk/"
10,"Do other members of the sub prefer the post game thread format from a week ago? [Part 1]","Hot Take","u/WebStandard",100,17,"https://www.reddit.com/r/nba/comments/1sjygjt/"
11,"[SERIOUS NEXT DAY THREAD] Post-Game Discussion (May 06, 2026) [Part 1]","Deep Analysis","u/CoachTactics",1067,419,"https://www.reddit.com/r/nba/comments/1t673ud/"
12,"[SERIOUS NEXT DAY THREAD] Post-Game Discussion (May 05, 2026) [Part 1]","Deep Analysis","u/InsideThePaint",1885,762,"https://www.reddit.com/r/nba/comments/1t59hcl/"
13,"[Post Game Thread] The San Antonio Spurs get back into the series as they defeat the New York Knicks in Game 3 [Part 1]","Game & Match Discussion","u/NBA_Mod",11568,4338,"https://www.reddit.com/r/nba/comments/1u0tp33/"
14,"[OC] Happy Draft Lottery Day. These are the NBA's luckiest teams in the history of the lottery [Part 1]","Deep Analysis","u/CapSpaceWhiz",522,247,"https://www.reddit.com/r/nba/comments/1t99sia/"
15,"[OC] The Most Consistent 3-Point Shooters in the NBA - Volatility and Streakiness Analysis [Part 1]","Deep Analysis","u/No_Context_Stats",873,326,"https://www.reddit.com/r/nba/comments/1eo53ay/"
16,"[OC] How did the game change and is it still changing? [Part 1]","Deep Analysis","u/DrJohnBall",1050,286,"https://www.reddit.com/r/nba/comments/1bzv2hp/"
17,"Adrian Wojnarowski also leaked MVP winners before they were officially announced. Notice the lack of outrage. [Part 1]","Hot Take","u/HypocrisyDetector",1618,292,"https://www.reddit.com/r/nba/comments/1ti0f6a/"
18,"[OC] I Analyzed Over 2000 of Woj and Shams Tweets to Determine Who Reported More News This Year [Part 1]","Deep Analysis","u/paddiction",3321,799,"https://www.reddit.com/r/nba/comments/uzvjm7/"
19,"Write an r/NBA headline that might happen 5 to 10 years from now (2015 Classic) [Part 1]","Hot Take","u/DirkDiggler",4257,1135,"https://www.reddit.com/r/nba/comments/3d06xx/"
20,"Greatest r/nba comments and copypastas of all-time? Looking for the ultimate archive [Part 1]","Hot Take","u/itslitcuh",6318,2074,"https://www.reddit.com/r/nba/comments/92hczx/"
21,"Can someone explain trades to me? [Part 1]","Trade & Speculation","u/zbergwoopwoop",1974,1034,"https://www.reddit.com/r/nba/comments/17ojghl/"
22,"Can someone explain the “Sign & Trade” rules [Part 1]","Trade & Speculation","u/CapSpaceWhiz",4029,1686,"https://www.reddit.com/r/nba/comments/c98oc4/"
23,"[Wojnarowski] Thrilled to announce the hiring of @ShamsCharania, best young basketball reporter on the planet, to our NBA coverage team at Yahoo Sports [Part 1]","Trade & Speculation","u/WojBombFanatic",8312,3175,"https://www.reddit.com/r/nba/comments/3jisqw/"
24,"[Highlight] Jaylen Brunson Finals Game 4, 2026 Full Play Highlights [Part 1]","Highlights & Play","u/NBA_Official",2141,237,"https://www.reddit.com/r/nba/comments/1u38chh/"
25,"[SERIOUS NEXT DAY THREAD] Post-Game Discussion (May 10, 2026) [Part 1]","Deep Analysis","u/SeriousAnalysisOnly",1670,510,"https://www.reddit.com/r/nba/comments/1t9zuy1/"
26,"[SERIOUS NEXT DAY THREAD] Post-Game Discussion (April 27, 2026) [Part 1]","Deep Analysis","u/TrueHoops",1387,370,"https://www.reddit.com/r/nba/comments/1sxy1wm/"
27,"[Post Game Thread] The New York Knicks become the 2026 NBA Champions by defeating the San Antonio Spurs in Game 5 behind Jalen Brunson [Part 2]","Game & Match Discussion","u/NBA_Mod",22589,10326,"https://www.reddit.com/r/nba/comments/1u5a7if/"
28,"[Post Game Thread] The New York Knicks overcome a 29 point deficit to defeat the San Antonio Spurs in Game 4 behind Jalen Brunson's 36 PTS [Part 2]","Game & Match Discussion","u/NBA_Mod",16909,7719,"https://www.reddit.com/r/nba/comments/1u2ntjw/"
29,"[Post Game Thread] The New York Knicks defeat the San Antonio Spurs in Game 2 behind KAT's 21 points and 13 rebounds [Part 2]","Game & Match Discussion","u/NBA_Mod",11358,5221,"https://www.reddit.com/r/nba/comments/1ty62d0/"
30,"[The Guardian] 15 things we learned from the NBA playoffs and finals [Part 2]","Hot Take","u/WojBombFanatic",2191,843,"https://www.reddit.com/r/nba/comments/1u83q1m/"
31,"Daily Discussion Thread + Game Thread Index | Playoffs [Part 2]","Game & Match Discussion","u/NBA_Mod",300,1911,"https://www.reddit.com/r/nba/comments/1ts290i/"
32,"[SERIOUS NEXT DAY THREAD] Post-Game Discussion (May 01, 2026) [Part 2]","Deep Analysis","u/SeriousBaller",807,373,"https://www.reddit.com/r/nba/comments/1t1mry6/"
33,"[SERIOUS NEXT DAY THREAD] Post-Game Discussion (May 19, 2024) [Part 2]","Deep Analysis","u/QuietStorm",1283,462,"https://www.reddit.com/r/nba/comments/1cwdtei/"
34,"[Highlight] Slow motion replay of the contact between Jarrett Allen and Ausar Thompson [Part 2]","Highlights & Play","u/NBA_Official",474,125,"https://www.reddit.com/r/nba/comments/1tcoq6z/"
35,"We need better quality assurance for post-game threads [Part 2]","Hot Take","u/MutedVoice",664,568,"https://www.reddit.com/r/nba/comments/1st9jlk/"
36,"Do other members of the sub prefer the post game thread format from a week ago? [Part 2]","Hot Take","u/WebStandard",100,16,"https://www.reddit.com/r/nba/comments/1sjygjt/"
37,"[SERIOUS NEXT DAY THREAD] Post-Game Discussion (May 06, 2026) [Part 2]","Deep Analysis","u/CoachTactics",981,385,"https://www.reddit.com/r/nba/comments/1t673ud/"
38,"[SERIOUS NEXT DAY THREAD] Post-Game Discussion (May 05, 2026) [Part 2]","Deep Analysis","u/InsideThePaint",1733,701,"https://www.reddit.com/r/nba/comments/1t59hcl/"
39,"[Post Game Thread] The San Antonio Spurs get back into the series as they defeat the New York Knicks in Game 3 [Part 2]","Game & Match Discussion","u/NBA_Mod",10632,3987,"https://www.reddit.com/r/nba/comments/1u0tp33/"
40,"[OC] Happy Draft Lottery Day. These are the NBA's luckiest teams in the history of the lottery [Part 2]","Deep Analysis","u/CapSpaceWhiz",480,227,"https://www.reddit.com/r/nba/comments/1t99sia/"
41,"[OC] The Most Consistent 3-Point Shooters in the NBA - Volatility and Streakiness Analysis [Part 2]","Deep Analysis","u/No_Context_Stats",802,300,"https://www.reddit.com/r/nba/comments/1eo53ay/"
42,"[OC] How did the game change and is it still changing? [Part 2]","Deep Analysis","u/DrJohnBall",964,263,"https://www.reddit.com/r/nba/comments/1bzv2hp/"
43,"Adrian Wojnarowski also leaked MVP winners before they were officially announced. Notice the lack of outrage. [Part 2]","Hot Take","u/HypocrisyDetector",1485,268,"https://www.reddit.com/r/nba/comments/1ti0f6a/"
44,"[OC] I Analyzed Over 2000 of Woj and Shams Tweets to Determine Who Reported More News This Year [Part 2]","Deep Analysis","u/paddiction",3048,733,"https://www.reddit.com/r/nba/comments/uzvjm7/"
45,"Write an r/NBA headline that might happen 5 to 10 years from now (2015 Classic) [Part 2]","Hot Take","u/DirkDiggler",3906,1041,"https://www.reddit.com/r/nba/comments/3d06xx/"
46,"Greatest r/nba comments and copypastas of all-time? Looking for the ultimate archive [Part 2]","Hot Take","u/itslitcuh",5795,1903,"https://www.reddit.com/r/nba/comments/92hczx/"
47,"Can someone explain trades to me? [Part 2]","Trade & Speculation","u/zbergwoopwoop",1810,948,"https://www.reddit.com/r/nba/comments/17ojghl/"
48,"Can someone explain the “Sign & Trade” rules [Part 2]","Trade & Speculation","u/CapSpaceWhiz",3693,1546,"https://www.reddit.com/r/nba/comments/c98oc4/"
49,"[Wojnarowski] Thrilled to announce the hiring of @ShamsCharania, best young basketball reporter on the planet, to our NBA coverage team at Yahoo Sports [Part 2]","Trade & Speculation","u/WojBombFanatic",7618,2910,"https://www.reddit.com/r/nba/comments/3jisqw/"
50,"[Highlight] Jaylen Brunson Finals Game 4, 2026 Full Play Highlights [Part 2]","Highlights & Play","u/NBA_Official",1961,217,"https://www.reddit.com/r/nba/comments/1u38chh/"
51,"[SERIOUS NEXT DAY THREAD] Post-Game Discussion (May 10, 2026) [Part 2]","Deep Analysis","u/SeriousAnalysisOnly",1530,467,"https://www.reddit.com/r/nba/comments/1t9zuy1/"
52,"[SERIOUS NEXT DAY THREAD] Post-Game Discussion (April 27, 2026) [Part 2]","Deep Analysis","u/TrueHoops",1270,338,"https://www.reddit.com/r/nba/comments/1sxy1wm/"
53,"[Post Game Thread] The New York Knicks become the 2026 NBA Champions by defeating the San Antonio Spurs in Game 5 behind Jalen Brunson [Part 3]","Game & Match Discussion","u/NBA_Mod",20678,9452,"https://www.reddit.com/r/nba/comments/1u5a7if/"
54,"[Post Game Thread] The New York Knicks overcome a 29 point deficit to defeat the San Antonio Spurs in Game 4 behind Jalen Brunson's 36 PTS [Part 3]","Game & Match Discussion","u/NBA_Mod",15474,7064,"https://www.reddit.com/r/nba/comments/1u2ntjw/"
55,"[Post Game Thread] The New York Knicks defeat the San Antonio Spurs in Game 2 behind KAT's 21 points and 13 rebounds [Part 3]","Game & Match Discussion","u/NBA_Mod",10391,4776,"https://www.reddit.com/r/nba/comments/1ty62d0/"
56,"[The Guardian] 15 things we learned from the NBA playoffs and finals [Part 3]","Hot Take","u/WojBombFanatic",2004,771,"https://www.reddit.com/r/nba/comments/1u83q1m/"
57,"Daily Discussion Thread + Game Thread Index | Playoffs [Part 3]","Game & Match Discussion","u/NBA_Mod",274,1747,"https://www.reddit.com/r/nba/comments/1ts290i/"
58,"[SERIOUS NEXT DAY THREAD] Post-Game Discussion (May 01, 2026) [Part 3]","Deep Analysis","u/SeriousBaller",737,341,"https://www.reddit.com/r/nba/comments/1t1mry6/"
59,"[SERIOUS NEXT DAY THREAD] Post-Game Discussion (May 19, 2024) [Part 3]","Deep Analysis","u/QuietStorm",1172,422,"https://www.reddit.com/r/nba/comments/1cwdtei/"
60,"[Highlight] Slow motion replay of the contact between Jarrett Allen and Ausar Thompson [Part 3]","Highlights & Play","u/NBA_Official",433,114,"https://www.reddit.com/r/nba/comments/1tcoq6z/"
61,"We need better quality assurance for post-game threads [Part 3]","Hot Take","u/MutedVoice",606,519,"https://www.reddit.com/r/nba/comments/1st9jlk/"
62,"Do other members of the sub prefer the post game thread format from a week ago? [Part 3]","Hot Take","u/WebStandard",100,14,"https://www.reddit.com/r/nba/comments/1sjygjt/"
63,"[SERIOUS NEXT DAY THREAD] Post-Game Discussion (May 06, 2026) [Part 3]","Deep Analysis","u/CoachTactics",895,351,"https://www.reddit.com/r/nba/comments/1t673ud/"
64,"[SERIOUS NEXT DAY THREAD] Post-Game Discussion (May 05, 2026) [Part 3]","Deep Analysis","u/InsideThePaint",1581,639,"https://www.reddit.com/r/nba/comments/1t59hcl/"
65,"[Post Game Thread] The San Antonio Spurs get back into the series as they defeat the New York Knicks in Game 3 [Part 3]","Game & Match Discussion","u/NBA_Mod",9696,3636,"https://www.reddit.com/r/nba/comments/1u0tp33/"
66,"[OC] Happy Draft Lottery Day. These are the NBA's luckiest teams in the history of the lottery [Part 3]","Deep Analysis","u/CapSpaceWhiz",437,207,"https://www.reddit.com/r/nba/comments/1t99sia/"
67,"[OC] The Most Consistent 3-Point Shooters in the NBA - Volatility and Streakiness Analysis [Part 3]","Deep Analysis","u/No_Context_Stats",731,273,"https://www.reddit.com/r/nba/comments/1eo53ay/"
68,"[OC] How did the game change and is it still changing? [Part 3]","Deep Analysis","u/DrJohnBall",878,239,"https://www.reddit.com/r/nba/comments/1bzv2hp/"
69,"Adrian Wojnarowski also leaked MVP winners before they were officially announced. Notice the lack of outrage. [Part 3]","Hot Take","u/HypocrisyDetector",1353,244,"https://www.reddit.com/r/nba/comments/1ti0f6a/"
70,"[OC] I Analyzed Over 2000 of Woj and Shams Tweets to Determine Who Reported More News This Year [Part 3]","Deep Analysis","u/paddiction",2775,667,"https://www.reddit.com/r/nba/comments/uzvjm7/"
71,"Write an r/NBA headline that might happen 5 to 10 years from now (2015 Classic) [Part 3]","Hot Take","u/DirkDiggler",3555,948,"https://www.reddit.com/r/nba/comments/3d06xx/"
72,"Greatest r/nba comments and copypastas of all-time? Looking for the ultimate archive [Part 3]","Hot Take","u/itslitcuh",5272,1731,"https://www.reddit.com/r/nba/comments/92hczx/"
73,"Can someone explain trades to me? [Part 3]","Trade & Speculation","u/zbergwoopwoop",1646,862,"https://www.reddit.com/r/nba/comments/17ojghl/"
74,"Can someone explain the “Sign & Trade” rules [Part 3]","Trade & Speculation","u/CapSpaceWhiz",3358,1405,"https://www.reddit.com/r/nba/comments/c98oc4/"
75,"[Wojnarowski] Thrilled to announce the hiring of @ShamsCharania, best young basketball reporter on the planet, to our NBA coverage team at Yahoo Sports [Part 3]","Trade & Speculation","u/WojBombFanatic",6924,2645,"https://www.reddit.com/r/nba/comments/3jisqw/"
76,"[Highlight] Jaylen Brunson Finals Game 4, 2026 Full Play Highlights [Part 3]","Highlights & Play","u/NBA_Official",1782,197,"https://www.reddit.com/r/nba/comments/1u38chh/"
77,"[SERIOUS NEXT DAY THREAD] Post-Game Discussion (May 10, 2026) [Part 3]","Deep Analysis","u/SeriousAnalysisOnly",1389,424,"https://www.reddit.com/r/nba/comments/1t9zuy1/"
78,"[SERIOUS NEXT DAY THREAD] Post-Game Discussion (April 27, 2026) [Part 3]","Deep Analysis","u/TrueHoops",1153,307,"https://www.reddit.com/r/nba/comments/1sxy1wm/"
79,"[Post Game Thread] The New York Knicks become the 2026 NBA Champions by defeating the San Antonio Spurs in Game 5 behind Jalen Brunson [Part 4]","Game & Match Discussion","u/NBA_Mod",18767,8579,"https://www.reddit.com/r/nba/comments/1u5a7if/"
80,"[Post Game Thread] The New York Knicks overcome a 29 point deficit to defeat the San Antonio Spurs in Game 4 behind Jalen Brunson's 36 PTS [Part 4]","Game & Match Discussion","u/NBA_Mod",14039,6409,"https://www.reddit.com/r/nba/comments/1u2ntjw/"
81,"[Post Game Thread] The New York Knicks defeat the San Antonio Spurs in Game 2 behind KAT's 21 points and 13 rebounds [Part 4]","Game & Match Discussion","u/NBA_Mod",9424,4332,"https://www.reddit.com/r/nba/comments/1ty62d0/"
82,"[The Guardian] 15 things we learned from the NBA playoffs and finals [Part 4]","Hot Take","u/WojBombFanatic",1816,699,"https://www.reddit.com/r/nba/comments/1u83q1m/"
83,"Daily Discussion Thread + Game Thread Index | Playoffs [Part 4]","Game & Match Discussion","u/NBA_Mod",248,1583,"https://www.reddit.com/r/nba/comments/1ts290i/"
84,"[SERIOUS NEXT DAY THREAD] Post-Game Discussion (May 01, 2026) [Part 4]","Deep Analysis","u/SeriousBaller",668,309,"https://www.reddit.com/r/nba/comments/1t1mry6/"
85,"[SERIOUS NEXT DAY THREAD] Post-Game Discussion (May 19, 2024) [Part 4]","Deep Analysis","u/QuietStorm",1062,382,"https://www.reddit.com/r/nba/comments/1cwdtei/"
86,"[Highlight] Slow motion replay of the contact between Jarrett Allen and Ausar Thompson [Part 4]","Highlights & Play","u/NBA_Official",392,103,"https://www.reddit.com/r/nba/comments/1tcoq6z/"
87,"We need better quality assurance for post-game threads [Part 4]","Hot Take","u/MutedVoice",549,469,"https://www.reddit.com/r/nba/comments/1st9jlk/"
88,"Do other members of the sub prefer the post game thread format from a week ago? [Part 4]","Hot Take","u/WebStandard",100,13,"https://www.reddit.com/r/nba/comments/1sjygjt/"
89,"[SERIOUS NEXT DAY THREAD] Post-Game Discussion (May 06, 2026) [Part 4]","Deep Analysis","u/CoachTactics",809,317,"https://www.reddit.com/r/nba/comments/1t673ud/"
90,"[SERIOUS NEXT DAY THREAD] Post-Game Discussion (May 05, 2026) [Part 4]","Deep Analysis","u/InsideThePaint",1429,578,"https://www.reddit.com/r/nba/comments/1t59hcl/"
91,"[Post Game Thread] The San Antonio Spurs get back into the series as they defeat the New York Knicks in Game 3 [Part 4]","Game & Match Discussion","u/NBA_Mod",8760,3285,"https://www.reddit.com/r/nba/comments/1u0tp33/"
92,"[OC] Happy Draft Lottery Day. These are the NBA's luckiest teams in the history of the lottery [Part 4]","Deep Analysis","u/CapSpaceWhiz",395,187,"https://www.reddit.com/r/nba/comments/1t99sia/"
93,"[OC] The Most Consistent 3-Point Shooters in the NBA - Volatility and Streakiness Analysis [Part 4]","Deep Analysis","u/No_Context_Stats",660,246,"https://www.reddit.com/r/nba/comments/1eo53ay/"
94,"[OC] How did the game change and is it still changing? [Part 4]","Deep Analysis","u/DrJohnBall",793,216,"https://www.reddit.com/r/nba/comments/1bzv2hp/"
95,"Adrian Wojnarowski also leaked MVP winners before they were officially announced. Notice the lack of outrage. [Part 4]","Hot Take","u/HypocrisyDetector",1220,220,"https://www.reddit.com/r/nba/comments/1ti0f6a/"
96,"[OC] I Analyzed Over 2000 of Woj and Shams Tweets to Determine Who Reported More News This Year [Part 4]","Deep Analysis","u/paddiction",2502,602,"https://www.reddit.com/r/nba/comments/uzvjm7/"
97,"Write an r/NBA headline that might happen 5 to 10 years from now (2015 Classic) [Part 4]","Hot Take","u/DirkDiggler",3204,854,"https://www.reddit.com/r/nba/comments/3d06xx/"
98,"Greatest r/nba comments and copypastas of all-time? Looking for the ultimate archive [Part 4]","Hot Take","u/itslitcuh",4750,1559,"https://www.reddit.com/r/nba/comments/92hczx/"
99,"Can someone explain trades to me? [Part 4]","Trade & Speculation","u/zbergwoopwoop",1482,776,"https://www.reddit.com/r/nba/comments/17ojghl/"
100,"Can someone explain the “Sign & Trade” rules [Part 4]","Trade & Speculation","u/CapSpaceWhiz",3022,1265,"https://www.reddit.com/r/nba/comments/c98oc4/"
101,"[Wojnarowski] Thrilled to announce the hiring of @ShamsCharania, best young basketball reporter on the planet, to our NBA coverage team at Yahoo Sports [Part 4]","Trade & Speculation","u/WojBombFanatic",6230,2380,"https://www.reddit.com/r/nba/comments/3jisqw/"
102,"[Highlight] Jaylen Brunson Finals Game 4, 2026 Full Play Highlights [Part 4]","Highlights & Play","u/NBA_Official",1603,177,"https://www.reddit.com/r/nba/comments/1u38chh/"
103,"[SERIOUS NEXT DAY THREAD] Post-Game Discussion (May 10, 2026) [Part 4]","Deep Analysis","u/SeriousAnalysisOnly",1249,381,"https://www.reddit.com/r/nba/comments/1t9zuy1/"
104,"[SERIOUS NEXT DAY THREAD] Post-Game Discussion (April 27, 2026) [Part 4]","Deep Analysis","u/TrueHoops",1036,276,"https://www.reddit.com/r/nba/comments/1sxy1wm/"
105,"[Post Game Thread] The New York Knicks become the 2026 NBA Champions by defeating the San Antonio Spurs in Game 5 behind Jalen Brunson [Part 5]","Game & Match Discussion","u/NBA_Mod",16856,7705,"https://www.reddit.com/r/nba/comments/1u5a7if/"
106,"[Post Game Thread] The New York Knicks overcome a 29 point deficit to defeat the San Antonio Spurs in Game 4 behind Jalen Brunson's 36 PTS [Part 5]","Game & Match Discussion","u/NBA_Mod",12604,5754,"https://www.reddit.com/r/nba/comments/1u2ntjw/"
107,"[Post Game Thread] The New York Knicks defeat the San Antonio Spurs in Game 2 behind KAT's 21 points and 13 rebounds [Part 5]","Game & Match Discussion","u/NBA_Mod",8456,3887,"https://www.reddit.com/r/nba/comments/1ty62d0/"
108,"[The Guardian] 15 things we learned from the NBA playoffs and finals [Part 5]","Hot Take","u/WojBombFanatic",1629,627,"https://www.reddit.com/r/nba/comments/1u83q1m/"
109,"Daily Discussion Thread + Game Thread Index | Playoffs [Part 5]","Game & Match Discussion","u/NBA_Mod",223,1419,"https://www.reddit.com/r/nba/comments/1ts290i/"
110,"[SERIOUS NEXT DAY THREAD] Post-Game Discussion (May 01, 2026) [Part 5]","Deep Analysis","u/SeriousBaller",598,277,"https://www.reddit.com/r/nba/comments/1t1mry6/"
111,"[SERIOUS NEXT DAY THREAD] Post-Game Discussion (May 19, 2024) [Part 5]","Deep Analysis","u/QuietStorm",951,343,"https://www.reddit.com/r/nba/comments/1cwdtei/"
112,"[Highlight] Slow motion replay of the contact between Jarrett Allen and Ausar Thompson [Part 5]","Highlights & Play","u/NBA_Official",351,92,"https://www.reddit.com/r/nba/comments/1tcoq6z/"
113,"We need better quality assurance for post-game threads [Part 5]","Hot Take","u/MutedVoice",491,420,"https://www.reddit.com/r/nba/comments/1st9jlk/"
114,"Do other members of the sub prefer the post game thread format from a week ago? [Part 5]","Hot Take","u/WebStandard",100,11,"https://www.reddit.com/r/nba/comments/1sjygjt/"
115,"[SERIOUS NEXT DAY THREAD] Post-Game Discussion (May 06, 2026) [Part 5]","Deep Analysis","u/CoachTactics",723,284,"https://www.reddit.com/r/nba/comments/1t673ud/"
116,"[SERIOUS NEXT DAY THREAD] Post-Game Discussion (May 05, 2026) [Part 5]","Deep Analysis","u/InsideThePaint",1277,516,"https://www.reddit.com/r/nba/comments/1t59hcl/"
117,"[Post Game Thread] The San Antonio Spurs get back into the series as they defeat the New York Knicks in Game 3 [Part 5]","Game & Match Discussion","u/NBA_Mod",7823,2933,"https://www.reddit.com/r/nba/comments/1u0tp33/"
118,"[OC] Happy Draft Lottery Day. These are the NBA's luckiest teams in the history of the lottery [Part 5]","Deep Analysis","u/CapSpaceWhiz",353,167,"https://www.reddit.com/r/nba/comments/1t99sia/"
119,"[OC] The Most Consistent 3-Point Shooters in the NBA - Volatility and Streakiness Analysis [Part 5]","Deep Analysis","u/No_Context_Stats",589,220,"https://www.reddit.com/r/nba/comments/1eo53ay/"
120,"[OC] How did the game change and is it still changing? [Part 5]","Deep Analysis","u/DrJohnBall",707,192,"https://www.reddit.com/r/nba/comments/1bzv2hp/"
121,"Adrian Wojnarowski also leaked MVP winners before they were officially announced. Notice the lack of outrage. [Part 5]","Hot Take","u/HypocrisyDetector",1088,196,"https://www.reddit.com/r/nba/comments/1ti0f6a/"
122,"[OC] I Analyzed Over 2000 of Woj and Shams Tweets to Determine Who Reported More News This Year [Part 5]","Deep Analysis","u/paddiction",2229,536,"https://www.reddit.com/r/nba/comments/uzvjm7/"
123,"Write an r/NBA headline that might happen 5 to 10 years from now (2015 Classic) [Part 5]","Hot Take","u/DirkDiggler",2853,760,"https://www.reddit.com/r/nba/comments/3d06xx/"
124,"Greatest r/nba comments and copypastas of all-time? Looking for the ultimate archive [Part 5]","Hot Take","u/itslitcuh",4227,1388,"https://www.reddit.com/r/nba/comments/92hczx/"
125,"Can someone explain trades to me? [Part 5]","Trade & Speculation","u/zbergwoopwoop",1318,690,"https://www.reddit.com/r/nba/comments/17ojghl/"
126,"Can someone explain the “Sign & Trade” rules [Part 5]","Trade & Speculation","u/CapSpaceWhiz",2687,1125,"https://www.reddit.com/r/nba/comments/c98oc4/"
127,"[Wojnarowski] Thrilled to announce the hiring of @ShamsCharania, best young basketball reporter on the planet, to our NBA coverage team at Yahoo Sports [Part 5]","Trade & Speculation","u/WojBombFanatic",5535,2114,"https://www.reddit.com/r/nba/comments/3jisqw/"
128,"[Highlight] Jaylen Brunson Finals Game 4, 2026 Full Play Highlights [Part 5]","Highlights & Play","u/NBA_Official",1423,157,"https://www.reddit.com/r/nba/comments/1u38chh/"
129,"[SERIOUS NEXT DAY THREAD] Post-Game Discussion (May 10, 2026) [Part 5]","Deep Analysis","u/SeriousAnalysisOnly",1108,338,"https://www.reddit.com/r/nba/comments/1t9zuy1/"
130,"[SERIOUS NEXT DAY THREAD] Post-Game Discussion (April 27, 2026) [Part 5]","Deep Analysis","u/TrueHoops",919,245,"https://www.reddit.com/r/nba/comments/1sxy1wm/"
131,"[Post Game Thread] The New York Knicks become the 2026 NBA Champions by defeating the San Antonio Spurs in Game 5 behind Jalen Brunson [Part 6]","Game & Match Discussion","u/NBA_Mod",14945,6832,"https://www.reddit.com/r/nba/comments/1u5a7if/"
132,"[Post Game Thread] The New York Knicks overcome a 29 point deficit to defeat the San Antonio Spurs in Game 4 behind Jalen Brunson's 36 PTS [Part 6]","Game & Match Discussion","u/NBA_Mod",11168,5098,"https://www.reddit.com/r/nba/comments/1u2ntjw/"
133,"[Post Game Thread] The New York Knicks defeat the San Antonio Spurs in Game 2 behind KAT's 21 points and 13 rebounds [Part 6]","Game & Match Discussion","u/NBA_Mod",7489,3442,"https://www.reddit.com/r/nba/comments/1ty62d0/"
134,"[The Guardian] 15 things we learned from the NBA playoffs and finals [Part 6]","Hot Take","u/WojBombFanatic",1442,555,"https://www.reddit.com/r/nba/comments/1u83q1m/"
135,"Daily Discussion Thread + Game Thread Index | Playoffs [Part 6]","Game & Match Discussion","u/NBA_Mod",197,1255,"https://www.reddit.com/r/nba/comments/1ts290i/"
136,"[SERIOUS NEXT DAY THREAD] Post-Game Discussion (May 01, 2026) [Part 6]","Deep Analysis","u/SeriousBaller",529,245,"https://www.reddit.com/r/nba/comments/1t1mry6/"
137,"[SERIOUS NEXT DAY THREAD] Post-Game Discussion (May 19, 2024) [Part 6]","Deep Analysis","u/QuietStorm",840,303,"https://www.reddit.com/r/nba/comments/1cwdtei/"
138,"[Highlight] Slow motion replay of the contact between Jarrett Allen and Ausar Thompson [Part 6]","Highlights & Play","u/NBA_Official",310,81,"https://www.reddit.com/r/nba/comments/1tcoq6z/"
139,"We need better quality assurance for post-game threads [Part 6]","Hot Take","u/MutedVoice",433,370,"https://www.reddit.com/r/nba/comments/1st9jlk/"
140,"Do other members of the sub prefer the post game thread format from a week ago? [Part 6]","Hot Take","u/WebStandard",100,10,"https://www.reddit.com/r/nba/comments/1sjygjt/"
141,"[SERIOUS NEXT DAY THREAD] Post-Game Discussion (May 06, 2026) [Part 6]","Deep Analysis","u/CoachTactics",638,250,"https://www.reddit.com/r/nba/comments/1t673ud/"
142,"[SERIOUS NEXT DAY THREAD] Post-Game Discussion (May 05, 2026) [Part 6]","Deep Analysis","u/InsideThePaint",1125,455,"https://www.reddit.com/r/nba/comments/1t59hcl/"
143,"[Post Game Thread] The San Antonio Spurs get back into the series as they defeat the New York Knicks in Game 3 [Part 6]","Game & Match Discussion","u/NBA_Mod",6888,2583,"https://www.reddit.com/r/nba/comments/1u0tp33/"
144,"[OC] Happy Draft Lottery Day. These are the NBA's luckiest teams in the history of the lottery [Part 6]","Deep Analysis","u/CapSpaceWhiz",310,147,"https://www.reddit.com/r/nba/comments/1t99sia/"
145,"[OC] The Most Consistent 3-Point Shooters in the NBA - Volatility and Streakiness Analysis [Part 6]","Deep Analysis","u/No_Context_Stats",518,193,"https://www.reddit.com/r/nba/comments/1eo53ay/"
146,"[OC] How did the game change and is it still changing? [Part 6]","Deep Analysis","u/DrJohnBall",621,169,"https://www.reddit.com/r/nba/comments/1bzv2hp/"
147,"Adrian Wojnarowski also leaked MVP winners before they were officially announced. Notice the lack of outrage. [Part 6]","Hot Take","u/HypocrisyDetector",955,172,"https://www.reddit.com/r/nba/comments/1ti0f6a/"
148,"[OC] I Analyzed Over 2000 of Woj and Shams Tweets to Determine Who Reported More News This Year [Part 6]","Deep Analysis","u/paddiction",1956,470,"https://www.reddit.com/r/nba/comments/uzvjm7/"
149,"Write an r/NBA headline that might happen 5 to 10 years from now (2015 Classic) [Part 6]","Hot Take","u/DirkDiggler",2502,667,"https://www.reddit.com/r/nba/comments/3d06xx/"
150,"Greatest r/nba comments and copypastas of all-time? Looking for the ultimate archive [Part 6]","Hot Take","u/itslitcuh",3705,1216,"https://www.reddit.com/r/nba/comments/92hczx/"
151,"Can someone explain trades to me? [Part 6]","Trade & Speculation","u/zbergwoopwoop",1155,605,"https://www.reddit.com/r/nba/comments/17ojghl/"
152,"Can someone explain the “Sign & Trade” rules [Part 6]","Trade & Speculation","u/CapSpaceWhiz",2352,984,"https://www.reddit.com/r/nba/comments/c98oc4/"
153,"[Wojnarowski] Thrilled to announce the hiring of @ShamsCharania, best young basketball reporter on the planet, to our NBA coverage team at Yahoo Sports [Part 6]","Trade & Speculation","u/WojBombFanatic",4841,1849,"https://www.reddit.com/r/nba/comments/3jisqw/"
154,"[Highlight] Jaylen Brunson Finals Game 4, 2026 Full Play Highlights [Part 6]","Highlights & Play","u/NBA_Official",1244,137,"https://www.reddit.com/r/nba/comments/1u38chh/"
155,"[SERIOUS NEXT DAY THREAD] Post-Game Discussion (May 10, 2026) [Part 6]","Deep Analysis","u/SeriousAnalysisOnly",968,295,"https://www.reddit.com/r/nba/comments/1t9zuy1/"
156,"[SERIOUS NEXT DAY THREAD] Post-Game Discussion (April 27, 2026) [Part 6]","Deep Analysis","u/TrueHoops",802,213,"https://www.reddit.com/r/nba/comments/1sxy1wm/"
157,"[Post Game Thread] The New York Knicks become the 2026 NBA Champions by defeating the San Antonio Spurs in Game 5 behind Jalen Brunson [Part 7]","Game & Match Discussion","u/NBA_Mod",13034,5958,"https://www.reddit.com/r/nba/comments/1u5a7if/"
158,"[Post Game Thread] The New York Knicks overcome a 29 point deficit to defeat the San Antonio Spurs in Game 4 behind Jalen Brunson's 36 PTS [Part 7]","Game & Match Discussion","u/NBA_Mod",9733,4443,"https://www.reddit.com/r/nba/comments/1u2ntjw/"
159,"[Post Game Thread] The New York Knicks defeat the San Antonio Spurs in Game 2 behind KAT's 21 points and 13 rebounds [Part 7]","Game & Match Discussion","u/NBA_Mod",6522,2998,"https://www.reddit.com/r/nba/comments/1ty62d0/"
160,"[The Guardian] 15 things we learned from the NBA playoffs and finals [Part 7]","Hot Take","u/WojBombFanatic",1255,483,"https://www.reddit.com/r/nba/comments/1u83q1m/"
161,"Daily Discussion Thread + Game Thread Index | Playoffs [Part 7]","Game & Match Discussion","u/NBA_Mod",171,1092,"https://www.reddit.com/r/nba/comments/1ts290i/"
162,"[SERIOUS NEXT DAY THREAD] Post-Game Discussion (May 01, 2026) [Part 7]","Deep Analysis","u/SeriousBaller",460,213,"https://www.reddit.com/r/nba/comments/1t1mry6/"
163,"[SERIOUS NEXT DAY THREAD] Post-Game Discussion (May 19, 2024) [Part 7]","Deep Analysis","u/QuietStorm",729,263,"https://www.reddit.com/r/nba/comments/1cwdtei/"
164,"[Highlight] Slow motion replay of the contact between Jarrett Allen and Ausar Thompson [Part 7]","Highlights & Play","u/NBA_Official",269,71,"https://www.reddit.com/r/nba/comments/1tcoq6z/"
165,"We need better quality assurance for post-game threads [Part 7]","Hot Take","u/MutedVoice",375,321,"https://www.reddit.com/r/nba/comments/1st9jlk/"
166,"Do other members of the sub prefer the post game thread format from a week ago? [Part 7]","Hot Take","u/WebStandard",100,10,"https://www.reddit.com/r/nba/comments/1sjygjt/"
167,"[SERIOUS NEXT DAY THREAD] Post-Game Discussion (May 06, 2026) [Part 7]","Deep Analysis","u/CoachTactics",552,216,"https://www.reddit.com/r/nba/comments/1t673ud/"
168,"[SERIOUS NEXT DAY THREAD] Post-Game Discussion (May 05, 2026) [Part 7]","Deep Analysis","u/InsideThePaint",973,393,"https://www.reddit.com/r/nba/comments/1t59hcl/"
169,"[Post Game Thread] The San Antonio Spurs get back into the series as they defeat the New York Knicks in Game 3 [Part 7]","Game & Match Discussion","u/NBA_Mod",5952,2232,"https://www.reddit.com/r/nba/comments/1u0tp33/"
170,"[OC] Happy Draft Lottery Day. These are the NBA's luckiest teams in the history of the lottery [Part 7]","Deep Analysis","u/CapSpaceWhiz",268,127,"https://www.reddit.com/r/nba/comments/1t99sia/"
171,"[OC] The Most Consistent 3-Point Shooters in the NBA - Volatility and Streakiness Analysis [Part 7]","Deep Analysis","u/No_Context_Stats",446,167,"https://www.reddit.com/r/nba/comments/1eo53ay/"
172,"[OC] How did the game change and is it still changing? [Part 7]","Deep Analysis","u/DrJohnBall",535,146,"https://www.reddit.com/r/nba/comments/1bzv2hp/"
173,"Adrian Wojnarowski also leaked MVP winners before they were officially announced. Notice the lack of outrage. [Part 7]","Hot Take","u/HypocrisyDetector",822,148,"https://www.reddit.com/r/nba/comments/1ti0f6a/"
174,"[OC] I Analyzed Over 2000 of Woj and Shams Tweets to Determine Who Reported More News This Year [Part 7]","Deep Analysis","u/paddiction",1683,405,"https://www.reddit.com/r/nba/comments/uzvjm7/"
175,"Write an r/NBA headline that might happen 5 to 10 years from now (2015 Classic) [Part 7]","Hot Take","u/DirkDiggler",2151,573,"https://www.reddit.com/r/nba/comments/3d06xx/"
176,"Greatest r/nba comments and copypastas of all-time? Looking for the ultimate archive [Part 7]","Hot Take","u/itslitcuh",3182,1045,"https://www.reddit.com/r/nba/comments/92hczx/"
177,"Can someone explain trades to me? [Part 7]","Trade & Speculation","u/zbergwoopwoop",991,519,"https://www.reddit.com/r/nba/comments/17ojghl/"
178,"Can someone explain the “Sign & Trade” rules [Part 7]","Trade & Speculation","u/CapSpaceWhiz",2016,844,"https://www.reddit.com/r/nba/comments/c98oc4/"
179,"[Wojnarowski] Thrilled to announce the hiring of @ShamsCharania, best young basketball reporter on the planet, to our NBA coverage team at Yahoo Sports [Part 7]","Trade & Speculation","u/WojBombFanatic",4147,1584,"https://www.reddit.com/r/nba/comments/3jisqw/"
180,"[Highlight] Jaylen Brunson Finals Game 4, 2026 Full Play Highlights [Part 7]","Highlights & Play","u/NBA_Official",1064,118,"https://www.reddit.com/r/nba/comments/1u38chh/"
181,"[SERIOUS NEXT DAY THREAD] Post-Game Discussion (May 10, 2026) [Part 7]","Deep Analysis","u/SeriousAnalysisOnly",827,252,"https://www.reddit.com/r/nba/comments/1t9zuy1/"
182,"[SERIOUS NEXT DAY THREAD] Post-Game Discussion (April 27, 2026) [Part 7]","Deep Analysis","u/TrueHoops",685,182,"https://www.reddit.com/r/nba/comments/1sxy1wm/"
183,"[Post Game Thread] The New York Knicks become the 2026 NBA Champions by defeating the San Antonio Spurs in Game 5 behind Jalen Brunson [Part 8]","Game & Match Discussion","u/NBA_Mod",11122,5084,"https://www.reddit.com/r/nba/comments/1u5a7if/"
184,"[Post Game Thread] The New York Knicks overcome a 29 point deficit to defeat the San Antonio Spurs in Game 4 behind Jalen Brunson's 36 PTS [Part 8]","Game & Match Discussion","u/NBA_Mod",8298,3788,"https://www.reddit.com/r/nba/comments/1u2ntjw/"
185,"[Post Game Thread] The New York Knicks defeat the San Antonio Spurs in Game 2 behind KAT's 21 points and 13 rebounds [Part 8]","Game & Match Discussion","u/NBA_Mod",5555,2553,"https://www.reddit.com/r/nba/comments/1ty62d0/"
186,"[The Guardian] 15 things we learned from the NBA playoffs and finals [Part 8]","Hot Take","u/WojBombFanatic",1067,411,"https://www.reddit.com/r/nba/comments/1u83q1m/"
187,"Daily Discussion Thread + Game Thread Index | Playoffs [Part 8]","Game & Match Discussion","u/NBA_Mod",145,928,"https://www.reddit.com/r/nba/comments/1ts290i/"
188,"[SERIOUS NEXT DAY THREAD] Post-Game Discussion (May 01, 2026) [Part 8]","Deep Analysis","u/SeriousBaller",390,180,"https://www.reddit.com/r/nba/comments/1t1mry6/"
189,"[SERIOUS NEXT DAY THREAD] Post-Game Discussion (May 19, 2024) [Part 8]","Deep Analysis","u/QuietStorm",619,223,"https://www.reddit.com/r/nba/comments/1cwdtei/"
190,"[Highlight] Slow motion replay of the contact between Jarrett Allen and Ausar Thompson [Part 8]","Highlights & Play","u/NBA_Official",228,60,"https://www.reddit.com/r/nba/comments/1tcoq6z/"
191,"We need better quality assurance for post-game threads [Part 8]","Hot Take","u/MutedVoice",318,272,"https://www.reddit.com/r/nba/comments/1st9jlk/"
192,"Do other members of the sub prefer the post game thread format from a week ago? [Part 8]","Hot Take","u/WebStandard",100,10,"https://www.reddit.com/r/nba/comments/1sjygjt/"
193,"[SERIOUS NEXT DAY THREAD] Post-Game Discussion (May 06, 2026) [Part 8]","Deep Analysis","u/CoachTactics",466,183,"https://www.reddit.com/r/nba/comments/1t673ud/"
194,"[SERIOUS NEXT DAY THREAD] Post-Game Discussion (May 05, 2026) [Part 8]","Deep Analysis","u/InsideThePaint",820,332,"https://www.reddit.com/r/nba/comments/1t59hcl/"
195,"[Post Game Thread] The San Antonio Spurs get back into the series as they defeat the New York Knicks in Game 3 [Part 8]","Game & Match Discussion","u/NBA_Mod",5016,1881,"https://www.reddit.com/r/nba/comments/1u0tp33/"
196,"[OC] Happy Draft Lottery Day. These are the NBA's luckiest teams in the history of the lottery [Part 8]","Deep Analysis","u/CapSpaceWhiz",225,107,"https://www.reddit.com/r/nba/comments/1t99sia/"
197,"[OC] The Most Consistent 3-Point Shooters in the NBA - Volatility and Streakiness Analysis [Part 8]","Deep Analysis","u/No_Context_Stats",375,140,"https://www.reddit.com/r/nba/comments/1eo53ay/"
198,"[OC] How did the game change and is it still changing? [Part 8]","Deep Analysis","u/DrJohnBall",449,122,"https://www.reddit.com/r/nba/comments/1bzv2hp/"
199,"Adrian Wojnarowski also leaked MVP winners before they were officially announced. Notice the lack of outrage. [Part 8]","Hot Take","u/HypocrisyDetector",690,124,"https://www.reddit.com/r/nba/comments/1ti0f6a/"
200,"[OC] I Analyzed Over 2000 of Woj and Shams Tweets to Determine Who Reported More News This Year [Part 8]","Deep Analysis","u/paddiction",1410,339,"https://www.reddit.com/r/nba/comments/uzvjm7/"
